Link_Candidato,Experiencia
https://scrap-example.onrender.com/scraping_2.html0,adaptabilidade aprender arquitetura banco bootstrap clara comprometimento comunicação css3 dados desenvolvimento disposição entregas equipe estratégica foco gerenciamento html5 javascript jquery js mudanças novas objetiva prazos proatividade problemas programação projetos reactjs resolução resultados software tecnologias teste trabalho ui ux visão vue web
https://scrap-example.onrender.com/scraping_2.html1,adaptabilidade aprender arquitetura banco bootstrap clara comprometimento
https://scrap-example.onrender.com/scraping_2.html2,comprometimento comunicação css3 dados desenvolvimento disposição entregas equipe estratégica foco gerenciamento html5 javascript jquery js mudanças novas objetiva prazos proatividade problemas programação
https://scrap-example.onrender.com/scraping_2.html3,designer uiux
https://scrap-example.onrender.com/scraping_2.html4,clara comprometimento
https://scrap-example.onrender.com/scraping_2.html5,alguma coisa nada haver
https://scrap-example.onrender.com/scraping_2.html6,outra coisa nada haver
https://scrap-example.onrender.com/scraping_2.html7,desenvolvedor python senior
https://scrap-example.onrender.com/scraping_2.html8,desenvolvedor front-end e desenvolvedor python
